{
  "colors": {
    "primary": "#39C6B3",
    "primaryDark": "#2AA494",
    "primaryLight": "#D7F4F0",
    "gradientStart": "#1FBCA9",
    "gradientEnd": "#0D8A77",
    "accentGreen": "#12A38A",
    "accentCoral": "#F06D41",
    "accentGreen": "#12A38A",
    "accentCoral": "#F06D41",
    "background": "#F3F8F7",
    "surface": "#FFFFFF",
    "border": "#DCE5E3",
    "line": "#E6EFED",
    "textPrimary": "#0D3B36",
    "textSecondary": "#4E6F6A",
    "textMuted": "#8BA7A2",
    "success": "#12A38A",
    "successLight": "#D7F4F0",
    "warning": "#F4A024",
    "warningLight": "#FEF3C7",
    "danger": "#E15555",
    "dangerLight": "#FEE2E2",
    "info": "#39C6B3",
    "infoLight": "#D7F4F0"
  },
  "radius": {
    "sm": 4,
    "md": 6,
    "lg": 8,
    "xl": 12,
    "full": 9999
  },
  "shadows": {
    "none": "none",
    "sm": "0px 1px 2px rgba(0, 0, 0, 0.05)",
    "md": "0px 1px 3px rgba(0, 0, 0, 0.08), 0px 4px 8px rgba(0, 0, 0, 0.06)",
    "lg": "0px 4px 6px rgba(0, 0, 0, 0.07), 0px 10px 15px rgba(0, 0, 0, 0.1)",
    "xl": "0px 10px 25px rgba(0, 0, 0, 0.15)"
  },
  "spacing": {
    "xs": 4,
    "sm": 8,
    "md": 12,
    "lg": 16,
    "xl": 24,
    "xxl": 32,
    "xxxl": 48
  },
  "typography": {
    "fontFamily": "Inter, -apple-system, BlinkMacSystemFont, 'Segoe UI', Roboto, 'Helvetica Neue', sans-serif",
    "fontFamilyMono": "'SF Mono', Monaco, 'Cascadia Code', 'Roboto Mono', Consolas, 'Courier New', monospace",
    "fontSize": {
      "xs": 12,
      "sm": 13,
      "base": 14,
      "md": 16,
      "lg": 18,
      "xl": 20,
      "xxl": 24,
      "xxxl": 28,
      "huge": 32
    },
    "fontWeight": {
      "normal": 400,
      "medium": 500,
      "semibold": 600,
      "bold": 700
    },
    "lineHeight": {
      "tight": 1.25,
      "normal": 1.5,
      "relaxed": 1.75
    }
  },
  "breakpoints": {
    "mobile": 640,
    "tablet": 768,
    "desktop": 1024,
    "wide": 1280,
    "ultrawide": 1536
  },
  "transitions": {
    "fast": "150ms",
    "base": "200ms",
    "slow": "300ms",
    "slower": "500ms"
  },
  "zIndex": {
    "base": 0,
    "dropdown": 1000,
    "sticky": 1100,
    "fixed": 1200,
    "modal": 1300,
    "popover": 1400,
    "tooltip": 1500
  }
}
